Company,Category,Score
3Shape,Multi-Level Support,5
3Shape,Training Programs,4
3Shape,Community Forums,3
3Shape,Open Platforms,5
3Shape,Freemium Models,3
3Shape,Developer Programs,4
3Shape,User Recognition,4
3Shape,Events & Competitions,3
3Shape,Content & Education,4
Medit,Multi-Level Support,3
Medit,Training Programs,3
Medit,Community Forums,5
Medit,Open Platforms,3
Medit,Freemium Models,5
Medit,Developer Programs,3
Medit,User Recognition,3
Medit,Events & Competitions,4
Medit,Content & Education,5
Dentsply Sirona,Multi-Level Support,4
Dentsply Sirona,Training Programs,5
Dentsply Sirona,Community Forums,2
Dentsply Sirona,Open Platforms,2
Dentsply Sirona,Freemium Models,2
Dentsply Sirona,Developer Programs,3
Dentsply Sirona,User Recognition,3
Dentsply Sirona,Events & Competitions,2
Dentsply Sirona,Content & Education,3
Align Technology,Multi-Level Support,4
Align Technology,Training Programs,4
Align Technology,Community Forums,2
Align Technology,Open Platforms,2
Align Technology,Freemium Models,3
Align Technology,Developer Programs,3
Align Technology,User Recognition,5
Align Technology,Events & Competitions,3
Align Technology,Content & Education,3
